04b_21_Agency FB_Aharoni_Algerian_Andalus_Angsana New_AngsanaUPC_Aparajita_Arabic Typesetting_Arial_Arial Black_Arial Narrow_Arial Rounded MT Bold_Arial Unicode MS_Baskerville Old Face_Batang_BatangChe_Bauhaus 93_Bell MT_Berlin Sans FB_Berlin Sans FB Demi_Bernard MT Condensed_Blackadder ITC_Bodoni MT_Bodoni MT Black_Bodoni MT Condensed_Bodoni MT Poster Compressed_Book Antiqua_Bookman Old Style_Bookshelf Symbol 7_Bradley Hand ITC_Britannic Bold_Broadway_Browallia New_BrowalliaUPC_Brush Script MT_Buxton Sketch_Calibri_Calibri Light_Californian FB_Calisto MT_Cambria_Cambria Math_Candara_Castellar_Centaur_Century_Century Gothic_Century Schoolbook_Chiller_Colonna MT_Comic Sans MS_Consolas_Constantia_Cooper Black_Copperplate Gothic Bold_Copperplate Gothic Light_Corbel_Cordia New_CordiaUPC_Courier New_Curlz MT_DaunPenh_David_DejaVu Sans Mono_DFKai-SB_DilleniaUPC_DokChampa_Dotum_DotumChe_Ebrima_Edwardian Script ITC_Elephant_Engravers MT_Eras Bold ITC_Eras Demi ITC_Eras Light ITC_Eras Medium ITC_Estrangelo Edessa_EucrosiaUPC_Euphemia_Felix Titling_Footlight MT Light_Forte_Franklin Gothic Book_Franklin Gothic Demi_Franklin Gothic Demi Cond_Franklin Gothic Heavy_Franklin Gothic Medium_Franklin Gothic Medium Cond_FrankRuehl_FreesiaUPC_Freestyle Script_French Script MT_Gabriola_Gadugi_Garamond_Gautami_Georgia_Gigi_Gill Sans MT_Gill Sans MT Condensed_Gill Sans MT Ext Condensed Bold_Gill Sans Ultra Bold_Gill Sans Ultra Bold Condensed_Gisha_Gloucester MT Extra Condensed_Goudy Old Style_Goudy Stout_Gulim_GulimChe_Gungsuh_GungsuhChe_Haettenschweiler_Harlow Solid Italic_Harrington_High Tower Text_icomoon_Impact_Imprint MT Shadow_Informal Roman_IrisUPC_Iskoola Pota_JasmineUPC_Jokerman_Juice ITC_Kalinga_Kartika_Khmer UI_KodchiangUPC_Kokila_Kristen ITC_Kunstler Script_Lao UI_Latha_Leelawadee_Levenim MT_LilyUPC_Lucida Bright_Lucida Calligraphy_Lucida Console_Lucida Fax_Lucida Handwriting_Lucida Sans_Lucida Sans Typewriter_Lucida Sans Unicode_Magneto_Maiandra GD_Malgun Gothic_Mangal_Marlett_Matura MT Script Capitals_Meiryo_Meiryo UI_Microsoft Himalaya_Microsoft JhengHei_Microsoft JhengHei UI_Microsoft MHei_Microsoft NeoGothic_Microsoft New Tai Lue_Microsoft PhagsPa_Microsoft Sans Serif_Microsoft Tai Le_Microsoft Uighur_Microsoft YaHei UI_Microsoft Yi Baiti_MingLiU_MingLiU-ExtB_MingLiU_HKSCS_MingLiU_HKSCS-ExtB_Miriam_Miriam Fixed_Mistral_Modern No. 20_Mongolian Baiti_Monotype Corsiva_MoolBoran_MS Gothic_MS Mincho_MS Outlook_MS PGothic_MS PMincho_MS Reference Sans Serif_MS Reference Specialty_MS UI Gothic_MV Boli_Narkisim_Niagara Engraved_Niagara Solid_Nirmala UI_Nyala_OCR A Extended_Old English Text MT_Onyx_Palace Script MT_Palatino Linotype_Papyrus_Parchment_Perpetua_Perpetua Titling MT_Plantagenet Cherokee_Playbill_PMingLiU_PMingLiU-ExtB_Poor Richard_Pristina_Raavi_Rage Italic_Ravie_Rockwell_Rockwell Condensed_Rockwell Extra Bold_Rod_Sakkal Majalla_Script MT Bold_Segoe Marker_Segoe Print_Segoe Script_Segoe UI_Segoe UI Light_Segoe UI Semibold_Segoe UI Semilight_Segoe UI Symbol_Segoe WP_Segoe WP Black_Segoe WP Light_Segoe WP Semibold_Segoe WP SemiLight_Segoe360_Shonar Bangla_Showcard Gothic_Shruti_Simplified Arabic_Simplified Arabic Fixed_SimSun-ExtB_SketchFlow Print_Snap ITC_Stencil_Sylfaen_Symbol_Tahoma_Tempus Sans ITC_Times New Roman_Traditional Arabic_Trebuchet MS_Tunga_Tw Cen MT_Tw Cen MT Condensed_Tw Cen MT Condensed Extra Bold_Utsaah_Vani_Verdana_Vijaya_Viner Hand ITC_Vivaldi_Vladimir Script_Vrinda_Webdings_Wide Latin_Wingdings_Wingdings 2_Wingdings 3_Yu Gothic